{
  "name": "Литейные инструменты",
  "icon": "irons_spellbooks:graybeard_staff",
  "category": "irons_spellbooks:root",
  "sortnum": 3,
  "read_by_default" : true,
  "pages": [
    {
      "type": "patchouli:text",
      "title": "Литейные инструменты",
      "text": "Литейные инструменты — это предметы, которыми можно щелкнуть ПКМ (использовать), чтобы применить активное заклинание. Чаще всего они также обеспечивают пассивные преимущества, позволяя использовать особый стиль игры мага."
    },
    {
      "type": "patchouli:crafting",
      "recipe": "irons_spellbooks:graybeard_staff",
      "text": "Простая палочка — это все, что нужно, чтобы заставить хрустальный шар вращаться."
    },
    {
      "type": "patchouli:crafting",
      "recipe": "irons_spellbooks:artificer_cane",
      "text": "Иногда, чтобы вывести кастинг на новый уровень, достаточно лишь добавить немного стиля."
    },
    {
      "type": "patchouli:crafting",
      "recipe": "irons_spellbooks:ice_staff",
      "text": "Ходят слухи, что в надземном мире спрятаны части мистического Ледяного посоха. Криомант, возможно, хранит в своей башне исследования, раскрывающие больше."
    },
    {
      "type": "patchouli:spotlight",
      "item": "irons_spellbooks:blood_staff",
      "text": "Древний скипетр с непревзойденными способностями призыва, его можно получить, только отобрав у его владельца-нежити."
    }
  ]
}