{
  "name": "Базовые книги заклинаний",
  "icon": "irons_spellbooks:iron_spell_book",
  "category": "irons_spellbooks:root",
  "sortnum": 1,
  "read_by_default" : true,
  "pages": [
    {
      "type": "patchouli:text",
      "title": "Создаваемые книги заклинаний",
      "text": "Многие книги заклинаний можно изготовить из комбинации ванильных и чародейских материалов. Каждый последующий уровень создания увеличивает количество слотов в книге заклинаний и часто приносит дополнительные бонусы, увеличивая силу и количество заклинаний, которые она может содержать."
    },
    {
      "type": "patchouli:crafting",
      "recipe": "irons_spellbooks:copper_spell_book",
      "recipe2": "irons_spellbooks:iron_spell_book"
    },
    {
      "type": "patchouli:crafting",
      "recipe": "irons_spellbooks:gold_spell_book",
      "recipe2": "irons_spellbooks:diamond_spell_book"
    },
    {
      "type": "patchouli:crafting",
      "recipe": "irons_spellbooks:netherite_spell_book",
      "recipe2": "irons_spellbooks:dragonskin_spell_book"
    },
    {
      "type": "patchouli:text",
      "title": "Именные книги заклинаний",
      "text": "Именные книги заклинаний можно найти во многих уголках мира, и они часто предлагают бонусы удачливым искателям приключений, которые ищут их в правильных местах."
    },
    {
      "type": "patchouli:spotlight",
      "item": "irons_spellbooks:rotten_spell_book",
      "text": "То, что когда-то, возможно, было более мощной книгой, с тех пор сгнило, оставив после себя всего три страницы. Но все же, более могущественная, чем большинство книг заклинаний в обычном мире. Их можно добыть из столь же гнилых мест по всему Верхнему миру."
    },
    {
      "type": "patchouli:spotlight",
      "item": "irons_spellbooks:villager_spell_book",
      "text": "Обычная книга с небольшим благословением станет подходящим каналом для божественной магии. Создание репутации среди жителей деревни, особенно путем освобождения пленников от Архипризывателя, гарантирует, что один из них в конечном итоге попадет к вам в руки."
    },
    {
      "type": "patchouli:spotlight",
      "item": "irons_spellbooks:blaze_spell_book",
      "text": "У каждого Блейза, даже не подозревая об этом, спрятан такой предмет. Хитрость в том, чтобы убить их и надеяться, что они не превратятся в пепел."
    },
    {
      "type": "patchouli:crafting",
      "recipe": "irons_spellbooks:druidic_spell_book",
      "text": "Сильная магическая энергия все еще сохраняется в Гнилой Книге Заклинаний. Книга может быть благословлена ​​заново, если применить надлежащее средство."
    }
  ]
}