{
  "name": "Свитки",
  "icon": "irons_spellbooks:scroll",
  "category": "irons_spellbooks:root",
  "sortnum": 0,
  "read_by_default" : true,
  "pages": [
    {
      "type": "patchouli:spotlight",
      "title": "Свитки",
      "item": "irons_spellbooks:scroll",
      "text": "Свитки можно найти в сундуках, добыть из мобов или создать. Каждый свиток содержит заклинание с уровнем, подобно зачарованной книге. Аналогично, два свитка одинакового вида и уровня можно улучшить в Чародейской наковальне, как зачарованные книги."
    },
    {
      "type": "patchouli:text",
      "text": "Свитки можно использовать отдельно для сотворения заклинания, что снижает затраты маны и время восстановления, но при этом расходуется сам свиток. В первую очередь их записывают в книги заклинаний для дальнейшего использования или перерабатывают в котле алхимика, чтобы превратить в более полезные заклинания."
    }
  ]
}