{
  "name": "Уникальные книги заклинаний",
  "icon": "irons_spellbooks:evoker_spell_book",
  "category": "irons_spellbooks:root",
  "sortnum": 2,
  "read_by_default" : true,
  "pages": [
    {
      "type": "patchouli:text",
      "title": "Уникальные книги заклинаний",
      "text": "Уникальные книги заклинаний — это редкие трофеи, выпадающие из определенных мобов и содержащие записанные заклинания, которые нельзя удалить или отредактировать. Не каждую книгу заклинаний можно изготовить — в конце концов, это называется тайным искусством."
    },
    {
      "type": "patchouli:spotlight",
      "title": "Уникальные улучшения",
      "item": "irons_spellbooks:arcane_anvil",
      "text": "Заклинания в уникальной книге заклинаний заблокированы, но их можно улучшить. Объединив уникальную книгу заклинаний в Чародейской наковальне со свитком того же заклинания более высокого уровня из книги заклинаний, вы можете повысить уровень заблокированного заклинания."
    },
    {
      "type": "patchouli:spotlight",
      "item": "irons_spellbooks:evoker_spell_book",
      "text": "Книга, полная основополагающей магии злодеев, Гримуар призывателя может быть использован Призывателями или их более могущественными собратьями-магами, Архипризывателями."
    },
    {
      "type": "patchouli:spotlight",
      "item": "irons_spellbooks:necronomicon_spell_book",
      "text": "Древняя книга, хранящая множество темных заклинаний, может быть получена только отняв её, у её владельца-нежити."
    }

  ]
}