{
  "name": "Школы магии",
  "icon": "irons_spellbooks:lightning_bottle",
  "category": "irons_spellbooks:root",
  "sortnum": 20,
  "read_by_default" : true,
  "pages": [
    {
      "type": "patchouli:text",
      "title": "Обзор",
      "text": "Каждое магическое заклинание принадлежит к определенной школе магии. Каждая школа воплощает определенную тему, как визуально, так и функционально, и у каждой есть Фокус: репрезентативный предмет, используемый в качестве ингредиента для крафта. Более того, каждую школу можно усилить с помощью специального школьного снаряжения, что позволит вам стать могущественным мастером одной школы или комбинировать их, чтобы стать мастером на все руки."
    },
    {
      "type": "patchouli:spotlight",
      "item": "minecraft:blaze_rod",
      "title": "Огонь",
      "text": "Школа Огня, фокусом которой является Жезл Пламени, сосредоточена на нанесении урона и постепенного урона."
    },
    {
      "type": "patchouli:spotlight",
      "item": "irons_spellbooks:frozen_bone",
      "title": "Лёд",
      "text": "Школа Льда, фокусирующаяся на Замороженных Костях, сосредоточена на нанесении урона и контроле толпы."
    },
    {
      "type": "patchouli:spotlight",
      "item": "irons_spellbooks:lightning_bottle",
      "title": "Молния",
      "text": "Школа Молнии, фокусом которой является Бутылка Молнии, сосредоточена на концентрированном уроне."
    },
    {
      "type": "patchouli:spotlight",
      "item": "irons_spellbooks:divine_pearl",
      "title": "Святой",
      "text": "Святая школа, в центре внимания которой находится Божественная Жемчужина, сосредоточена на поддержке, исцелении и усилении союзников."
    },
    {
      "type": "patchouli:spotlight",
      "item": "minecraft:ender_pearl",
      "title": "Эндер",
      "text": "Школа Эндера, фокусом которой является Жемчужина Эндера, сосредоточена на всем тайном и мистическом, ведьминских заклинаниях, которые варьируются от урона до полезности и мобильности."
    },
    {
      "type": "patchouli:spotlight",
      "item": "irons_spellbooks:blood_vial",
      "title": "Кровь",
      "text": "Школа Крови, фокусом которой является Флакон Крови, посвящена злу; здесь вы найдете элементы некромантии, ведьмачьей магии и магии крови, а заклинания фокусируются на нанесении урона, который усиливает заклинателя."
    },
    {
      "type": "patchouli:spotlight",
      "item": "minecraft:emerald",
      "title": "Призыв",
      "text": "Школа Эвокации, фокусом которой является Изумруд, сосредоточена на магических трюках и заклинаниях, охватывая широчайший спектр наступательных, оборонительных и вспомогательных заклинаний."
    },
    {
      "type": "patchouli:spotlight",
      "item": "minecraft:poisonous_potato",
      "title": "Природа",
      "text": "Школа Природы, фокусирующаяся на Ядовитом Картофеле, сосредоточена на применении ослаблений к врагам с элементами нанесения урона для их добивания."
    },
    {
      "type": "patchouli:spotlight",
      "item": "irons_spellbooks:eldritch_manuscript",
      "title": "Мистика",
      "text": "Школа Мистики не похожа на другие. Это древний и могущественный путь магии, который почти забыт; вы не сможете немедленно создавать или применять Мистические заклинания. Однако обрывки древних мистических рукописей все еще можно найти разбросанными по всему миру, и их даже можно собрать воедино с помощью осколка эха."
    },
    {
      "type": "patchouli:spotlight",
      "item": "minecraft:echo_shard",
      "title": "Мистика, продолжение",
      "text": "После восстановления рукописи ее можно использовать для изучения одного Мистического заклинания, что позволит создавать и применять его. После изучения Эхо-Осколок используется в качестве фокуса."
    }
  ]
}