{
  "name": "Начало игры",
  "icon": "irons_spellbooks:inscription_table",
  "category": "irons_spellbooks:root",
  "sortnum": -3,
  "read_by_default" : false,
  "pages": [
    {
      "type": "patchouli:text",
      "title": "Обзор",
      "text": "В начале игры основное внимание уделяется исследованию и добыче. Мир полон магических ресурсов, особенно в новых магических сооружениях, которые можно найти по всему миру. Но будьте осторожны! Каждое магическое сооружение является домом для могущественного мага, который не будет к вам благосклонен."
    },
    {
      "type": "patchouli:spotlight",
      "item": "irons_spellbooks:scroll",
      "title": "Свитки",
      "text": "Свитки станут вашим первым знакомством с магией. Хотя их можно использовать для сотворения заклинания, которое они содержат, лучше сохранить их до тех пор, пока вы не сможете записать его в книгу заклинаний, где его можно будет использовать многократно, с помощью письменного стола >>>"
    },
    {
      "type": "patchouli:text",
      "title": "Письменный стол",
      "text": "Чтобы правильно использовать Книгу заклинаний, вы должны записывать в нее заклинания с помощью Письменного стола, используя свитки. Свитки можно извлечь, после того как вы поместили их в Книгу заклинаний, но это сотрет заклинание. Книги заклинаний для начинающих можно изготовить из простых материалов."
    },
    {
      "type": "patchouli:crafting",
      "recipe": "irons_spellbooks:inscription_table",
      "recipe2": "irons_spellbooks:copper_spell_book"
    },
    {
      "type": "patchouli:spotlight",
      "item": "irons_spellbooks:arcane_essence",
      "title": "Основные материалы",
      "text": "Некоторые основные материалы, в редких случаях, можно даже найти в ванильных структурах.$(br2)Чародейскую сущность можно объединить с кожаной броней для создания доспехов Странствующего мага, раннего источника дополнительного максимального запаса маны.."
    },
    {
      "type": "patchouli:entity",
      "name": "Броня странствующего мага",
      "entity": "minecraft:armor_stand{ArmorItems:[{id:'irons_spellbooks:wandering_magician_boots',Count:1b},{id:'irons_spellbooks:wandering_magician_leggings',Count:1b},{id:'irons_spellbooks:wandering_magician_chestplate',Count:1b},{id:'irons_spellbooks:wandering_magician_helmet',Count:1b}],NoBasePlate:1b}"
    }
  ]
}