{
  "name": "Чернила",
  "icon": "irons_spellbooks:epic_ink",
  "category": "irons_spellbooks:root",
  "sortnum": 4,
  "read_by_default" : true,
  "pages": [
    {
      "type": "patchouli:spotlight",
      "item": "irons_spellbooks:common_ink",
      "text": "Самые распространенные из чернил (отсюда и название), обычные чернила, могут создавать заклинания самого низкого уровня. Если самый низкий уровень заклинания выше обычного, его нельзя создать обычными чернилами. То же самое касается всех остальных чернил."
    },
    {
      "type": "patchouli:spotlight",
      "item": "irons_spellbooks:uncommon_ink",
      "text": "Менее распространены, чем обычные, могут создавать немного более мощные заклинания."
    },
    {
      "type": "patchouli:spotlight",
      "item": "irons_spellbooks:rare_ink",
      "text": "Редкие чернила можно будет регулярно находить в магических сундуках с сокровищами или убивая мобов, использующих заклинания."

    },
    {
      "type": "patchouli:spotlight",
      "item": "irons_spellbooks:epic_ink",
      "text": "Лучшее место для получения эпических чернил и всех других чернил высокой редкости — это магические сокровища или убийство мобов, использующих заклинания."
    },
    {
      "type": "patchouli:spotlight",
      "item": "irons_spellbooks:legendary_ink",
      "text": "Самые редкие чернила, они создают самые мощные заклинания. Помните, что некоторые заклинания имеют несколько легендарных уровней, требующих использования Мистической наковальни для их получения."
    },
    {
      "type": "patchouli:empty",
      "draw_filler": false
    }
  ]
}