{
  "name": "Поздняя игра",
  "icon": "irons_spellbooks:arcane_anvil",
  "category": "irons_spellbooks:root",
  "sortnum": -1,
  "read_by_default" : true,
  "pages": [
    {
      "type": "patchouli:text",
      "title": "Чародейская наковальня",
      "text": "Поздняя игра достигается путем добычи незерита и огромного количества базовых ресурсов, а также с помощью Чародейской наковальни.$(br2)Чародейская наковальня — самая мощная станция для крафта, используемая для повышения уровня свитков, улучшения доспехов и книг заклинаний, а также для наделения оружия заклинаниями.."
    },
    {
      "type": "patchouli:crafting",
      "recipe": "irons_spellbooks:arcane_anvil"
    },
    {
      "type": "patchouli:crafting",
      "title": "Больше магических книг",
      "text": "Здесь показаны лучшие книги заклинаний, которые можно создать. Разрушенная книга находится в Древних Городах.",
      "recipe": "irons_spellbooks:netherite_spell_book"
    },
    {
      "type": "patchouli:crafting",
      "recipe": "irons_spellbooks:dragonskin_spell_book",
      "text": "Драконья чешуя выпадает из Эндер-дракона."
    },
    {
      "type": "patchouli:crafting",
      "recipe": "irons_spellbooks:cryomancer_helmet",
      "recipe2": "irons_spellbooks:pyromancer_helmet",
      "title": "Школьная броня"
    },
    {
      "type": "patchouli:entity",
      "name": "Броня Криоманта",
      "entity": "minecraft:armor_stand{ArmorItems:[{id:'irons_spellbooks:cryomancer_boots',Count:1b},{id:'irons_spellbooks:cryomancer_leggings',Count:1b},{id:'irons_spellbooks:cryomancer_chestplate',Count:1b},{id:'irons_spellbooks:cryomancer_helmet',Count:1b}],NoBasePlate:1b}",
      "text": "Школьная броня изготавливается из магической ткани и особой школьной руны по этому шаблону."
    },
    {
      "type": "patchouli:spotlight",
      "item": "irons_spellbooks:upgrade_orb",
      "title": "Улучшение",
      "text": "Улучшения — это конечная форма прогресса. По умолчанию можно улучшить любую броню, а также книги заклинаний.$(br2)Сферы улучшения определенного атрибута изготавливаются из базовой сферы улучшения и 8 рун желаемого атрибута."
    },
    {
      "type": "patchouli:crafting",
      "recipe": "irons_spellbooks:upgrade_orb",
      "recipe2": "irons_spellbooks:fire_upgrade_orb"
    },
    {
      "type": "patchouli:multiblock",
      "name": "Улучшение крафтовых материалов",
      "enable_visualize" : false,
      "multiblock": {
        "pattern": [
          [ " D S ", "DA0PF"]
        ],
        "mapping": {
          "D": "minecraft:deepslate",
          "A": "irons_spellbooks:arcane_debris",
          "P": "irons_spellbooks:armor_pile",
          "S": "minecraft:soul_sand",
          "F": "minecraft:soul_fire"
        }
      },
      "text": "Тайные обломки эквивалент Древних обломков в мире, находится ниже y=-38. Требуется незеритовая кирка."
    },
    {
      "type": "patchouli:entity",
      "entity": "irons_spellbooks:citadel_keeper",
      "text": "Эссенция пепла выпадает из Древних рыцарей, которых можно пробудить, разбив груды доспехов в Нижнем мире."
    }
  ]
}