{
  "name": "Середина игры",
  "icon": "irons_spellbooks:scroll_forge",
  "category": "irons_spellbooks:root",
  "sortnum": -2,
  "read_by_default" : true,
  "pages": [
    {
      "type": "patchouli:text",
      "title": "Кузница свитков",
      "text": "Достигнув ресурсов нижнего уровня, вы откроете совершенно новую динамику получения власти: Кузня свитков.$(br2)Кузня свитков используется для создания свитков с использованием чернил, бумаги и фокуса. Чернила определяют редкость (и, следовательно, уровень), а фокус определяет школу заклинания."
    },
    {
      "type": "patchouli:crafting",
      "recipe": "irons_spellbooks:scroll_forge"
    },
    {
      "type": "patchouli:crafting",
      "title": "Новые книги заклинаний",
      "text": "Кроме того, книги заклинаний адепта можно создавать с использованием ресурсов Нижнего мира.",
      "recipe": "irons_spellbooks:gold_spell_book"
    },
    {
      "type": "patchouli:crafting",
      "recipe": "irons_spellbooks:diamond_spell_book",
      "text": "Кожа хоглина выпадает из Хоглина"
    },
    {
      "type": "patchouli:crafting",
      "recipe": "irons_spellbooks:magic_cloth",
      "title": "Новые материалы",
      "text": "Вам также следует начать изготавливать более прочную броню, используя магическую ткань. Чтобы получить большое количество чародейской сущности, вам нужно сосредоточиться на рейдах на магические сооружения."
    },
    {
      "type": "patchouli:entity",
      "name": "Броня Пугала",
      "entity": "minecraft:armor_stand{ArmorItems:[{id:'irons_spellbooks:pumpkin_boots',Count:1b},{id:'irons_spellbooks:pumpkin_leggings',Count:1b},{id:'irons_spellbooks:pumpkin_chestplate',Count:1b},{id:'irons_spellbooks:pumpkin_helmet',Count:1b}],NoBasePlate:1b}"
    },
    {
      "type": "patchouli:spotlight",
      "item": "irons_spellbooks:blank_rune",
      "title": "Редкие материалы",
      "text": "Чтобы продолжить прогресс, следите за рунными камнями в магических сооружениях. Рунические камни используются для создания еще более мощной брони. Классовые маги всегда сбрасывают руну своей школы."
    },
    {
      "type": "patchouli:empty",
      "draw_filler": false
    }
  ]
}